DATE,DTP30A28
2019-09-18,0.28
2019-09-19,0.28
2019-09-20,0.24
2019-09-23,0.2
2019-09-24,0.16
2019-09-25,0.24
2019-09-26,0.21
2019-09-27,0.24
2019-09-30,0.27
2019-10-01,0.22
2019-10-02,0.19
2019-10-03,0.16
2019-10-04,0.11
2019-10-07,0.14
2019-10-08,0.15
2019-10-09,0.2
2019-10-10,0.22
2019-10-11,0.27
2019-10-14,.
2019-10-15,0.3
2019-10-16,0.27
2019-10-17,0.27
2019-10-18,0.24
2019-10-21,0.28
2019-10-22,0.26
2019-10-23,0.23
2019-10-24,0.23
2019-10-25,0.24
2019-10-28,0.28
2019-10-29,0.3
2019-10-30,0.29
2019-10-31,0.22
2019-11-01,0.22
2019-11-04,0.23
2019-11-05,0.27
2019-11-06,0.21
2019-11-07,0.31
2019-11-08,0.3
2019-11-11,.
2019-11-12,0.29
2019-11-13,0.29
2019-11-14,0.27
2019-11-15,0.29
2019-11-18,0.25
2019-11-19,0.23
2019-11-20,0.2
2019-11-21,0.22
2019-11-22,0.22
2019-11-25,0.21
2019-11-26,0.19
2019-11-27,0.21
2019-11-28,.
2019-11-29,0.23
2019-12-02,0.26
2019-12-03,0.15
2019-12-04,0.17
2019-12-05,0.19
2019-12-06,0.21
2019-12-09,0.21
2019-12-10,0.2
2019-12-11,0.17
2019-12-12,0.25
2019-12-13,0.18
2019-12-16,0.22
2019-12-17,0.2
2019-12-18,0.22
2019-12-19,0.2
2019-12-20,0.21
2019-12-23,0.24
2019-12-24,0.21
2019-12-25,.
2019-12-26,0.22
2019-12-27,0.21
2019-12-30,0.21
2019-12-31,0.2
2020-01-01,.
2020-01-02,0.14
2020-01-03,0.08
2020-01-06,0.11
2020-01-07,0.14
2020-01-08,0.17
2020-01-09,0.17
2020-01-10,0.14
2020-01-13,0.14
2020-01-14,0.11
2020-01-15,0.1
2020-01-16,0.12
2020-01-17,0.14
2020-01-20,.
2020-01-21,0.09
2020-01-22,0.11
2020-01-23,0.08
2020-01-24,0.04
2020-01-27,0.01
2020-01-28,0.02
2020-01-29,-0.02
2020-01-30,-0.05
2020-01-31,-0.09
2020-02-03,-0.07
2020-02-04,0.0
2020-02-05,0.02
2020-02-06,0.01
2020-02-07,-0.05
2020-02-10,-0.08
2020-02-11,-0.03
2020-02-12,-0.02
2020-02-13,-0.04
2020-02-14,-0.06
2020-02-17,.
2020-02-18,-0.08
2020-02-19,-0.07
2020-02-20,-0.09
2020-02-21,-0.12
2020-02-24,-0.18
2020-02-25,-0.18
2020-02-26,-0.2
2020-02-27,-0.19
2020-02-28,-0.27
2020-03-02,-0.29
2020-03-03,-0.4
2020-03-04,-0.42
2020-03-05,-0.44
2020-03-06,-0.48
2020-03-09,-0.34
2020-03-10,-0.03
2020-03-11,0.06
2020-03-12,0.14
2020-03-13,0.31
2020-03-16,0.26
2020-03-17,0.61
2020-03-18,0.85
2020-03-19,0.92
2020-03-20,0.6
2020-03-23,0.24
2020-03-24,0.03
2020-03-25,0.05
2020-03-26,-0.07
2020-03-27,-0.02
2020-03-30,-0.06
2020-03-31,0.03
2020-04-01,-0.08
2020-04-02,-0.16
2020-04-03,-0.25
2020-04-06,-0.25
2020-04-07,-0.21
2020-04-08,-0.23
2020-04-09,-0.29
2020-04-10,.
2020-04-13,-0.31
2020-04-14,-0.34
2020-04-15,-0.37
2020-04-16,-0.24
2020-04-17,-0.18
2020-04-20,-0.17
2020-04-21,-0.2
2020-04-22,-0.25
2020-04-23,-0.26
2020-04-24,-0.32
2020-04-27,-0.32
2020-04-28,-0.35
2020-04-29,-0.34
2020-04-30,-0.3
2020-05-01,-0.27
2020-05-04,-0.27
2020-05-05,-0.3
2020-05-06,-0.27
2020-05-07,-0.31
2020-05-08,-0.31
2020-05-11,-0.27
2020-05-12,-0.29
2020-05-13,-0.32
2020-05-14,-0.34
2020-05-15,-0.34
2020-05-18,-0.33
2020-05-19,-0.37
2020-05-20,-0.4
2020-05-21,-0.39
2020-05-22,-0.38
2020-05-25,.
2020-05-26,-0.37
2020-05-27,-0.39
2020-05-28,-0.42
2020-05-29,-0.41
2020-06-01,-0.46
2020-06-02,-0.44
2020-06-03,-0.4
2020-06-04,-0.35
2020-06-05,-0.33
2020-06-08,-0.38
2020-06-09,-0.43
2020-06-10,-0.52
2020-06-11,-0.57
2020-06-12,-0.52
2020-06-15,-0.53
2020-06-16,-0.53
2020-06-17,-0.54
2020-06-18,-0.58
2020-06-19,-0.62
2020-06-22,-0.64
2020-06-23,-0.68
2020-06-24,-0.66
2020-06-25,-0.68
2020-06-26,-0.71
2020-06-29,-0.71
2020-06-30,-0.7
2020-07-01,-0.71
2020-07-02,-0.75
2020-07-03,.
2020-07-06,-0.8
2020-07-07,-0.8
2020-07-08,-0.8
2020-07-09,-0.82
2020-07-10,-0.79
2020-07-13,-0.81
2020-07-14,-0.82
2020-07-15,-0.83
2020-07-16,-0.84
2020-07-17,-0.86
2020-07-20,-0.88
2020-07-21,-0.91
2020-07-22,-0.93
2020-07-23,-0.91
2020-07-24,-0.92
2020-07-27,-0.9
2020-07-28,-0.92
2020-07-29,-0.96
2020-07-30,-0.98
2020-07-31,-1.01
2020-08-03,-1.04
2020-08-04,-1.07
2020-08-05,-1.1
2020-08-06,-1.11
2020-08-07,-1.08
2020-08-10,-1.07
2020-08-11,-1.01
2020-08-12,-1.03
2020-08-13,-1.02
2020-08-14,-1.01
2020-08-17,-1.03
2020-08-18,-1.07
2020-08-19,-1.05
2020-08-20,-1.05
2020-08-21,-1.07
2020-08-24,-1.1
2020-08-25,-1.11
2020-08-26,-1.13
2020-08-27,-1.09
2020-08-28,-1.14
2020-08-31,-1.19
2020-09-01,-1.22
2020-09-02,-1.19
2020-09-03,-1.13
2020-09-04,-1.09
2020-09-07,.
2020-09-08,-1.12
2020-09-09,-1.12
2020-09-10,-1.14
2020-09-11,-1.13
2020-09-14,-1.11
2020-09-15,-1.12
2020-09-16,-1.13
2020-09-17,-1.11
2020-09-18,-1.11
2020-09-21,-1.08
2020-09-22,-1.07
2020-09-23,-1.07
2020-09-24,-1.05
2020-09-25,-1.06
2020-09-28,-1.09
2020-09-29,-1.13
2020-09-30,-1.1
2020-10-01,-1.09
2020-10-02,-1.08
2020-10-05,-1.05
2020-10-06,-1.07
2020-10-07,-1.05
2020-10-08,-1.09
2020-10-09,-1.09
2020-10-12,.
2020-10-13,-1.11
2020-10-14,-1.09
2020-10-15,-1.09
2020-10-16,-1.1
2020-10-19,-1.07
2020-10-20,-1.06
2020-10-21,-1.07
2020-10-22,-1.05
2020-10-23,-1.03
2020-10-26,-1.06
2020-10-27,-1.08
2020-10-28,-1.05
2020-10-29,-1.02
2020-10-30,-0.99
2020-11-02,-0.99
2020-11-03,-0.98
2020-11-04,-1.01
2020-11-05,-1.02
2020-11-06,-0.97
2020-11-09,-0.92
2020-11-10,-0.94
2020-11-11,.
2020-11-12,-0.98
2020-11-13,-0.99
2020-11-16,-0.98
2020-11-17,-0.99
2020-11-18,-0.98
2020-11-19,-1.0
2020-11-20,-1.01
2020-11-23,-1.0
2020-11-24,-1.01
2020-11-25,-1.04
2020-11-26,.
2020-11-27,-1.07
2020-11-30,-1.09
2020-12-01,-1.05
2020-12-02,-1.07
2020-12-03,-1.11
2020-12-04,-1.11
2020-12-07,-1.15
2020-12-08,-1.18
2020-12-09,-1.17
2020-12-10,-1.17
2020-12-11,-1.17
2020-12-14,-1.18
2020-12-15,-1.2
2020-12-16,-1.21
2020-12-17,-1.23
2020-12-18,-1.23
2020-12-21,-1.23
2020-12-22,-1.24
2020-12-23,-1.23
2020-12-24,-1.25
2020-12-25,.
2020-12-28,-1.26
2020-12-29,-1.24
2020-12-30,-1.26
2020-12-31,-1.29
2021-01-01,.
2021-01-04,-1.33
2021-01-05,-1.31
2021-01-06,-1.26
2021-01-07,-1.28
2021-01-08,-1.2
2021-01-11,-1.19
2021-01-12,-1.21
2021-01-13,-1.23
2021-01-14,-1.23
2021-01-15,-1.29
2021-01-18,.
2021-01-19,-1.32
2021-01-20,-1.34
2021-01-21,-1.37
2021-01-22,-1.38
2021-01-25,-1.42
2021-01-26,-1.42
2021-01-27,-1.43
2021-01-28,-1.43
2021-01-29,-1.44
2021-02-01,-1.43
2021-02-02,-1.43
2021-02-03,-1.44
2021-02-04,-1.43
2021-02-05,-1.43
2021-02-08,-1.45
2021-02-09,-1.45
2021-02-10,-1.47
2021-02-11,-1.46
2021-02-12,-1.45
2021-02-15,.
2021-02-16,-1.38
2021-02-17,-1.36
2021-02-18,-1.32
2021-02-19,-1.23
2021-02-22,-1.23
2021-02-23,-1.24
2021-02-24,-1.25
2021-02-25,-1.1
2021-02-26,-1.11
2021-03-01,-1.14
2021-03-02,-1.23
2021-03-03,-1.2
2021-03-04,-1.12
2021-03-05,-1.12
2021-03-08,-1.06
2021-03-09,-1.09
2021-03-10,-1.18
2021-03-11,-1.21
2021-03-12,-1.11
2021-03-15,-1.12
2021-03-16,-1.16
2021-03-17,-1.15
2021-03-18,-1.07
2021-03-19,-1.07
2021-03-22,-1.13
2021-03-23,-1.15
2021-03-24,-1.17
2021-03-25,-1.19
2021-03-26,-1.18
2021-03-29,-1.13
2021-03-30,-1.08
2021-03-31,-1.1
2021-04-01,-1.13
2021-04-02,-1.1
2021-04-05,-1.12
2021-04-06,-1.15
2021-04-07,-1.17
2021-04-08,-1.17
2021-04-09,-1.14
2021-04-12,-1.13
2021-04-13,-1.2
2021-04-14,-1.2
2021-04-15,-1.27
2021-04-16,-1.26
2021-04-19,-1.23
2021-04-20,-1.24
2021-04-21,-1.24
2021-04-22,-1.25
2021-04-23,-1.24
2021-04-26,-1.26
2021-04-27,-1.25
2021-04-28,-1.3
2021-04-29,-1.29
2021-04-30,-1.28
2021-05-03,-1.32
2021-05-04,-1.36
2021-05-05,-1.42
2021-05-06,-1.43
2021-05-07,-1.46
2021-05-10,-1.51
2021-05-11,-1.46
2021-05-12,-1.44
2021-05-13,-1.45
2021-05-14,-1.46
2021-05-17,-1.47
2021-05-18,-1.45
2021-05-19,-1.36
2021-05-20,-1.34
2021-05-21,-1.34
2021-05-24,-1.37
2021-05-25,-1.42
2021-05-26,-1.38
2021-05-27,-1.36
2021-05-28,-1.37
2021-05-31,.
2021-06-01,-1.38
2021-06-02,-1.4
2021-06-03,-1.36
2021-06-04,-1.38
2021-06-07,-1.37
2021-06-08,-1.37
2021-06-09,-1.35
2021-06-10,-1.39
2021-06-11,-1.35
2021-06-14,-1.31
2021-06-15,-1.32
2021-06-16,-1.26
2021-06-17,-1.16
2021-06-18,-1.17
2021-06-21,-1.14
2021-06-22,-1.19
2021-06-23,-1.26
2021-06-24,-1.24
2021-06-25,-1.21
2021-06-28,-1.25
2021-06-29,-1.26
2021-06-30,-1.28
2021-07-01,-1.29
2021-07-02,-1.33
2021-07-05,.
2021-07-06,-1.37
2021-07-07,-1.37
2021-07-08,-1.36
2021-07-09,-1.33
2021-07-12,-1.37
2021-07-13,-1.41
2021-07-14,-1.43
2021-07-15,-1.44
2021-07-16,-1.48
2021-07-19,-1.5
2021-07-20,-1.48
2021-07-21,-1.45
2021-07-22,-1.47
2021-07-23,-1.52
2021-07-26,-1.59
2021-07-27,-1.59
2021-07-28,-1.57
2021-07-29,-1.63
2021-07-30,-1.67
2021-08-02,-1.69
2021-08-03,-1.67
2021-08-04,-1.65
2021-08-05,-1.58
2021-08-06,-1.54
2021-08-09,-1.52
2021-08-10,-1.52
2021-08-11,-1.55
2021-08-12,-1.54
2021-08-13,-1.56
2021-08-16,-1.59
2021-08-17,-1.55
2021-08-18,-1.52
2021-08-19,-1.52
2021-08-20,-1.46
2021-08-23,-1.47
2021-08-24,-1.47
2021-08-25,-1.46
2021-08-26,-1.45
2021-08-27,-1.52
2021-08-30,-1.53
2021-08-31,-1.5
2021-09-01,-1.48
2021-09-02,-1.49
2021-09-03,-1.47
2021-09-06,.
2021-09-07,-1.45
2021-09-08,-1.48
2021-09-09,-1.53
2021-09-10,-1.54
2021-09-13,-1.52
2021-09-14,-1.51
2021-09-15,-1.5
2021-09-16,-1.48
2021-09-17,-1.43
2021-09-20,-1.44
2021-09-21,-1.42
2021-09-22,-1.39
2021-09-23,-1.34
2021-09-24,-1.31
2021-09-27,-1.32
2021-09-28,-1.3
2021-09-29,-1.29
2021-09-30,-1.3
2021-10-01,-1.34
2021-10-04,-1.34
2021-10-05,-1.36
2021-10-06,-1.35
2021-10-07,-1.33
2021-10-08,-1.34
2021-10-11,.
2021-10-12,-1.33
2021-10-13,-1.36
2021-10-14,-1.41
2021-10-15,-1.38
2021-10-18,-1.33
2021-10-19,-1.31
2021-10-20,-1.35
2021-10-21,-1.38
2021-10-22,-1.4
2021-10-25,-1.46
2021-10-26,-1.48
2021-10-27,-1.54
2021-10-28,-1.43
2021-10-29,-1.38
2021-11-01,-1.38
2021-11-02,-1.37
2021-11-03,-1.36
2021-11-04,-1.46
2021-11-05,-1.52
2021-11-08,-1.52
2021-11-09,-1.61
2021-11-10,-1.59
2021-11-11,.
2021-11-12,-1.61
2021-11-15,-1.6
2021-11-16,-1.58
2021-11-17,-1.58
2021-11-18,-1.6
2021-11-19,-1.59
2021-11-22,-1.44
2021-11-23,-1.38
2021-11-24,-1.42
2021-11-25,.
2021-11-26,-1.5
2021-11-29,-1.48
2021-11-30,-1.45
2021-12-01,-1.37
2021-12-02,-1.34
2021-12-03,-1.41
2021-12-06,-1.37
2021-12-07,-1.35
2021-12-08,-1.36
2021-12-09,-1.35
2021-12-10,-1.31
2021-12-13,-1.32
2021-12-14,-1.24
2021-12-15,-1.18
2021-12-16,-1.3
2021-12-17,-1.28
2021-12-20,-1.28
2021-12-21,-1.26
2021-12-22,-1.3
2021-12-23,-1.26
2021-12-24,.
2021-12-27,-1.3
2021-12-28,-1.33
2021-12-29,-1.3
2021-12-30,-1.38
2021-12-31,-1.38
2022-01-03,-1.32
2022-01-04,-1.29
2022-01-05,-1.2
2022-01-06,-1.08
2022-01-07,-1.06
2022-01-10,-1.05
2022-01-11,-1.12
2022-01-12,-1.12
2022-01-13,-1.09
2022-01-14,-1.03
2022-01-17,.
2022-01-18,-0.95
2022-01-19,-0.93
2022-01-20,-0.95
2022-01-21,-0.98
2022-01-24,-1.02
2022-01-25,-1.04
2022-01-26,-1.03
2022-01-27,-0.94
2022-01-28,-1.01
2022-01-31,-1.03
2022-02-01,-0.99
2022-02-02,-1.01
2022-02-03,-0.92
2022-02-04,-0.81
2022-02-07,-0.79
2022-02-08,-0.77
2022-02-09,-0.79
2022-02-10,-0.7
2022-02-11,-0.78
2022-02-14,-0.8
2022-02-15,-0.74
2022-02-16,-0.74
2022-02-17,-0.76
2022-02-18,-0.8
2022-02-21,.
2022-02-22,-0.81
2022-02-23,-0.87
2022-02-24,-0.98
2022-02-25,-0.88
2022-02-28,-1.13
2022-03-01,-1.33
2022-03-02,-1.21
2022-03-03,-1.2
2022-03-04,-1.3
2022-03-07,-1.32
2022-03-08,-1.33
2022-03-09,-1.17
2022-03-10,-1.17
2022-03-11,-1.27
2022-03-14,-1.11
2022-03-15,-1.02
2022-03-16,-0.84
2022-03-17,-1.01
2022-03-18,-1.05
2022-03-21,-0.9
2022-03-22,-0.86
2022-03-23,-0.94
2022-03-24,-0.93
2022-03-25,-0.79
2022-03-28,-0.77
2022-03-29,-0.65
2022-03-30,-0.72
2022-03-31,-0.75
2022-04-01,-0.56
2022-04-04,-0.52
2022-04-05,-0.39
2022-04-06,-0.33
2022-04-07,-0.35
2022-04-08,-0.35
2022-04-11,-0.36
2022-04-12,-0.41
2022-04-13,-0.39
2022-04-14,-0.32
2022-04-15,.
2022-04-18,-0.34
2022-04-19,-0.26
2022-04-20,-0.29
2022-04-21,-0.32
2022-04-22,-0.34
2022-04-25,-0.33
2022-04-26,-0.34
2022-04-27,-0.35
2022-04-28,-0.39
2022-04-29,-0.32
2022-05-02,-0.08
2022-05-03,-0.1
2022-05-04,-0.18
2022-05-05,-0.07
2022-05-06,-0.02
2022-05-09,0.03
2022-05-10,0.14
2022-05-11,0.05
2022-05-12,0.08
2022-05-13,0.07
2022-05-16,0.0
2022-05-17,0.08
2022-05-18,0.03
2022-05-19,0.08
2022-05-20,0.12
2022-05-23,0.14
2022-05-24,0.08
2022-05-25,0.05
2022-05-26,-0.06
2022-05-27,-0.05
2022-05-30,.
2022-05-31,0.02
2022-06-01,0.15
2022-06-02,0.11
2022-06-03,0.09
2022-06-06,0.15
2022-06-07,0.13
2022-06-08,0.14
2022-06-09,0.14
2022-06-10,0.25
2022-06-13,0.5
2022-06-14,0.82
2022-06-15,0.61
2022-06-16,0.64
2022-06-17,0.67
2022-06-20,.
2022-06-21,0.67
2022-06-22,0.62
2022-06-23,0.57
2022-06-24,0.52
2022-06-27,0.62
2022-06-28,0.68
2022-06-29,0.71
2022-06-30,0.6
2022-07-01,0.46
2022-07-04,.
2022-07-05,0.47
2022-07-06,0.59
2022-07-07,0.65
2022-07-08,0.66
2022-07-11,0.62
2022-07-12,0.62
2022-07-13,0.61
2022-07-14,0.67
2022-07-15,0.58
2022-07-18,0.56
2022-07-19,0.59
2022-07-20,0.64
2022-07-21,0.58
2022-07-22,0.43
2022-07-25,0.43
2022-07-26,0.43
2022-07-27,0.31
2022-07-28,0.17
2022-07-29,0.05
2022-08-01,0.05
2022-08-02,0.26
2022-08-03,0.23
2022-08-04,0.2
2022-08-05,0.39
2022-08-08,0.33
2022-08-09,0.38
2022-08-10,0.37
2022-08-11,0.41
2022-08-12,0.38
2022-08-15,0.36
2022-08-16,0.39
2022-08-17,0.44
2022-08-18,0.39
2022-08-19,0.45
2022-08-22,0.5
2022-08-23,0.46
2022-08-24,0.48
2022-08-25,0.45
2022-08-26,0.51
2022-08-29,0.62
2022-08-30,0.66
2022-08-31,0.72
2022-09-01,0.91
2022-09-02,0.81
2022-09-05,.
2022-09-06,0.96
2022-09-07,0.92
2022-09-08,0.98
2022-09-09,1.01
2022-09-12,1.02
2022-09-13,1.07
2022-09-14,1.04
2022-09-15,1.13
2022-09-16,1.19
2022-09-19,1.32
2022-09-20,1.33
2022-09-21,1.29
2022-09-22,1.5
2022-09-23,1.62
2022-09-26,1.84
2022-09-27,1.91
2022-09-28,1.6
2022-09-29,1.81
2022-09-30,1.88
2022-10-03,1.68
2022-10-04,1.62
2022-10-05,1.75
2022-10-06,1.8
2022-10-07,1.81
2022-10-10,.
2022-10-11,1.82
2022-10-12,1.82
2022-10-13,1.87
2022-10-14,1.87
2022-10-17,1.79
2022-10-18,1.84
2022-10-19,1.93
2022-10-20,1.95
2022-10-21,1.81
2022-10-24,1.81
2022-10-25,1.76
2022-10-26,1.78
2022-10-27,1.65
2022-10-28,1.71
2022-10-31,1.76
2022-11-01,1.76
2022-11-02,1.71
2022-11-03,1.95
2022-11-04,1.88
2022-11-07,1.87
2022-11-08,1.85
2022-11-09,1.91
2022-11-10,1.65
2022-11-11,.
2022-11-14,1.72
2022-11-15,1.67
2022-11-16,.
2022-11-17,1.75
2022-11-18,1.84
2022-11-21,1.75
2022-11-22,1.7
2022-11-23,1.68
2022-11-24,.
2022-11-25,1.64
2022-11-28,1.71
2022-11-29,1.74
2022-11-30,1.6
2022-12-01,1.37
2022-12-02,1.31
2022-12-05,1.46
2022-12-06,1.46
2022-12-07,1.43
2022-12-08,1.47
2022-12-09,1.56
2022-12-12,1.58
2022-12-13,.
2022-12-14,.
2022-12-15,.
2022-12-16,1.58
2022-12-19,1.64
2022-12-20,1.65
2022-12-21,1.58
2022-12-22,1.66
2022-12-23,1.7
2022-12-26,.
2022-12-27,1.75
2022-12-28,1.77
2022-12-29,1.75
2022-12-30,1.8
2023-01-02,.
2023-01-03,1.8
2023-01-04,1.79
2023-01-05,1.82
2023-01-06,1.65
2023-01-09,1.6
2023-01-10,1.67
2023-01-11,1.61
2023-01-12,1.47
2023-01-13,1.53
2023-01-16,.
2023-01-17,1.55
2023-01-18,1.45
2023-01-19,1.41
2023-01-20,1.44
2023-01-23,1.45
2023-01-24,1.4
2023-01-25,1.38
2023-01-26,1.34
2023-01-27,1.37
2023-01-30,1.44
2023-01-31,1.45
2023-02-01,1.32
2023-02-02,1.32
2023-02-03,1.48
2023-02-06,1.58
2023-02-07,1.52
2023-02-08,1.46
2023-02-09,1.52
2023-02-10,1.54
2023-02-13,1.57
2023-02-14,1.64
2023-02-15,1.63
2023-02-16,1.61
2023-02-17,1.62
2023-02-20,.
2023-02-21,1.68
2023-02-22,1.67
2023-02-23,1.67
2023-02-24,1.8
2023-02-27,1.76
2023-02-28,1.69
2023-03-01,1.77
2023-03-02,1.75
2023-03-03,1.61
2023-03-06,1.62
2023-03-07,1.83
2023-03-08,1.92
2023-03-09,1.84
2023-03-10,1.7
2023-03-13,1.48
2023-03-14,1.47
2023-03-15,1.33
2023-03-16,1.53
2023-03-17,1.38
2023-03-20,1.48
2023-03-21,1.53
2023-03-22,1.27
2023-03-23,1.18
2023-03-24,1.23
2023-03-27,1.36
2023-03-28,1.34
2023-03-29,1.33
2023-03-30,1.3
2023-03-31,1.23
2023-04-03,1.18
2023-04-04,1.11
2023-04-05,1.07
2023-04-06,1.08
2023-04-07,1.21
2023-04-10,1.22
2023-04-11,1.24
2023-04-12,1.2
2023-04-13,1.26
2023-04-14,1.33
2023-04-17,1.39
2023-04-18,1.4
2023-04-19,1.43
2023-04-20,1.36
2023-04-21,1.35
2023-04-24,1.28
2023-04-25,1.19
2023-04-26,1.22
2023-04-27,1.32
2023-04-28,1.31
2023-05-01,1.41
2023-05-02,1.29
2023-05-03,1.22
2023-05-04,1.14
2023-05-05,1.24
2023-05-08,1.29
2023-05-09,1.31
2023-05-10,1.25
2023-05-11,1.27
2023-05-12,1.37
2023-05-15,1.37
2023-05-16,1.43
2023-05-17,1.47
2023-05-18,1.57
2023-05-19,1.59
2023-05-22,1.62
2023-05-23,1.58
2023-05-24,1.64
2023-05-25,1.79
2023-05-26,1.83
2023-05-29,.
2023-05-30,1.75
2023-05-31,1.71
2023-06-01,1.67
2023-06-02,1.76
2023-06-05,1.72
2023-06-06,1.76
2023-06-07,1.81
2023-06-08,1.75
2023-06-09,1.83
2023-06-12,1.86
2023-06-13,1.93
2023-06-14,1.92
2023-06-15,1.8
2023-06-16,1.88
2023-06-19,.
2023-06-20,1.84
2023-06-21,1.84
2023-06-22,1.88
2023-06-23,1.87
2023-06-26,1.88
2023-06-27,1.94
2023-06-28,1.89
2023-06-29,2.03
2023-06-30,2.0
2023-07-03,2.02
2023-07-04,.
2023-07-05,2.09
2023-07-06,2.19
2023-07-07,2.16
2023-07-10,2.11
2023-07-11,2.13
2023-07-12,1.93
2023-07-13,1.81
2023-07-14,1.91
2023-07-17,1.89
2023-07-18,1.91
2023-07-19,1.89
2023-07-20,1.93
2023-07-21,1.92
2023-07-24,1.91
2023-07-25,1.95
2023-07-26,1.88
2023-07-27,2.03
2023-07-28,1.95
2023-07-31,1.95
2023-08-01,2.02
2023-08-02,2.04
2023-08-03,2.1
2023-08-04,1.95
2023-08-07,1.89
2023-08-08,1.9
2023-08-09,1.93
2023-08-10,1.99
2023-08-11,2.05
2023-08-14,2.1
2023-08-15,2.17
2023-08-16,2.21
2023-08-17,2.24
2023-08-18,2.2
2023-08-21,2.25
2023-08-22,2.25
2023-08-23,2.13
2023-08-24,2.2
2023-08-25,2.22
2023-08-28,2.22
2023-08-29,2.12
2023-08-30,2.13
2023-08-31,2.11
2023-09-01,2.14
2023-09-04,.
2023-09-05,2.2
2023-09-06,2.25
2023-09-07,2.17
2023-09-08,2.17
2023-09-11,2.16
2023-09-12,2.16
2023-09-13,2.15
2023-09-14,2.18
2023-09-15,2.21
2023-09-18,2.18
2023-09-19,2.23
2023-09-20,2.27
2023-09-21,2.35
2023-09-22,2.32
2023-09-25,2.39
2023-09-26,2.45
2023-09-27,2.48
2023-09-28,2.39
2023-09-29,2.4
2023-10-02,2.53
2023-10-03,2.61
2023-10-04,2.62
2023-10-05,2.58
2023-10-06,2.65
2023-10-09,2.64
2023-10-10,2.48
2023-10-11,2.45
2023-10-12,2.52
2023-10-13,2.44
2023-10-16,2.46
2023-10-17,2.59
2023-10-18,2.61
2023-10-19,2.61
2023-10-20,2.56
2023-10-23,2.55
2023-10-24,2.58
2023-10-25,2.63
2023-10-26,2.55
2023-10-27,2.51
2023-10-30,2.54
2023-10-31,2.56
2023-11-01,2.5
2023-11-02,2.43
2023-11-03,2.31
2023-11-06,2.37
2023-11-07,2.37
2023-11-08,2.39
2023-11-09,2.49
2023-11-10,2.52
2023-11-13,2.52
2023-11-14,2.33
2023-11-15,2.43
2023-11-16,2.38
2023-11-17,2.37
2023-11-20,2.34
2023-11-21,2.36
2023-11-22,2.38
2023-11-23,.
2023-11-24,2.43
2023-11-27,2.42
2023-11-28,2.29
2023-11-29,2.21
2023-11-30,2.28
2023-12-01,2.17
2023-12-04,2.23
2023-12-05,2.16
2023-12-06,2.2
2023-12-07,2.2
2023-12-08,2.29
2023-12-11,2.28
2023-12-12,2.28
2023-12-13,2.06
2023-12-14,1.88
2023-12-15,1.88
2023-12-18,1.9
2023-12-19,1.92
2023-12-20,1.85
2023-12-21,1.84
2023-12-22,1.86
2023-12-25,.
2023-12-26,1.85
2023-12-27,1.82
2023-12-28,1.89
2023-12-29,1.86
2024-01-01,.
2024-01-02,1.89
2024-01-03,1.86
2024-01-04,1.93
2024-01-05,1.96
2024-01-08,1.91
2024-01-09,1.92
2024-01-10,1.95
2024-01-11,1.83
2024-01-12,1.76
2024-01-15,.
2024-01-16,1.84
2024-01-17,1.94
2024-01-18,1.9
2024-01-19,1.91
2024-01-22,1.88
2024-01-23,1.94
2024-01-24,1.95
2024-01-25,1.9
2024-01-26,1.93
2024-01-29,1.86
2024-01-30,1.87
2024-01-31,1.76
2024-02-01,1.76
2024-02-02,1.94
2024-02-05,2.01
2024-02-06,1.93
2024-02-07,1.93
2024-02-08,1.98
2024-02-09,2.0
2024-02-12,1.99
2024-02-13,2.14
2024-02-14,2.04
2024-02-15,2.0
2024-02-16,2.03
2024-02-19,.
2024-02-20,1.99
2024-02-21,2.04
2024-02-22,2.1
2024-02-23,2.07
2024-02-26,2.13
2024-02-27,2.07
2024-02-28,2.0
2024-02-29,2.06
2024-03-01,1.96
2024-03-04,2.01
2024-03-05,1.86
2024-03-06,1.86
2024-03-07,1.84
2024-03-08,1.83
2024-03-11,1.88
2024-03-12,1.92
2024-03-13,1.95
2024-03-14,2.03
2024-03-15,2.06
2024-03-18,2.09
2024-03-19,2.04
2024-03-20,1.99
2024-03-21,1.95
2024-03-22,1.9
2024-03-25,1.93
2024-03-26,1.95
2024-03-27,1.95
2024-03-28,1.96
2024-03-29,.
2024-04-01,2.06
2024-04-02,2.06
2024-04-03,2.04
2024-04-04,1.99
2024-04-05,2.04
2024-04-08,2.11
2024-04-09,2.06
2024-04-10,2.26
2024-04-11,2.28
2024-04-12,2.2
2024-04-15,2.27
2024-04-16,2.27
2024-04-17,2.26
2024-04-18,2.31
2024-04-19,2.28
2024-04-22,2.28
2024-04-23,2.27
2024-04-24,2.31
2024-04-25,2.34
2024-04-26,2.32
2024-04-29,2.27
2024-04-30,2.38
2024-05-01,2.33
2024-05-02,2.28
2024-05-03,2.22
2024-05-06,2.23
2024-05-07,2.25
2024-05-08,2.28
2024-05-09,2.21
2024-05-10,2.27
2024-05-13,2.25
2024-05-14,2.24
2024-05-15,2.17
2024-05-16,2.22
2024-05-17,2.23
2024-05-20,2.25
2024-05-21,2.21
2024-05-22,2.25
2024-05-23,2.3
2024-05-24,2.31
2024-05-27,.
2024-05-28,2.35
2024-05-29,2.38
2024-05-30,2.32
2024-05-31,2.28
2024-06-03,2.21
2024-06-04,2.18
2024-06-05,2.14
2024-06-06,2.15
2024-06-07,2.31
2024-06-10,2.33
2024-06-11,2.26
2024-06-12,2.25
2024-06-13,2.19
2024-06-14,2.24
2024-06-17,2.29
2024-06-18,2.19
2024-06-19,.
2024-06-20,2.2
2024-06-21,2.2
2024-06-24,2.21
2024-06-25,2.2
2024-06-26,2.24
2024-06-27,2.21
2024-06-28,2.2
2024-07-01,2.26
2024-07-02,2.22
2024-07-03,2.19
2024-07-04,.
2024-07-05,2.11
2024-07-08,2.12
2024-07-09,2.14
2024-07-10,2.13
2024-07-11,2.07
2024-07-12,2.08
2024-07-15,2.06
2024-07-16,2.03
2024-07-17,1.99
2024-07-18,2.02
2024-07-19,2.08
2024-07-22,2.12
2024-07-23,2.09
2024-07-24,2.09
2024-07-25,2.13
2024-07-26,2.04
2024-07-29,2.04
2024-07-30,2.01
2024-07-31,2.02
2024-08-01,1.87
2024-08-02,1.79
2024-08-05,1.82
2024-08-06,1.88
2024-08-07,1.9
2024-08-08,1.94
2024-08-09,1.92
2024-08-12,1.87
2024-08-13,1.83
2024-08-14,1.82
2024-08-15,1.91
2024-08-16,1.9
2024-08-19,1.9
2024-08-20,1.84
2024-08-21,1.8
2024-08-22,1.88
2024-08-23,1.77
2024-08-26,1.73
2024-08-27,1.74
2024-08-28,1.74
2024-08-29,1.76
2024-08-30,1.8
2024-09-02,.
2024-09-03,1.79
2024-09-04,1.76
2024-09-05,1.76
2024-09-06,1.7
2024-09-09,1.67
2024-09-10,1.64
2024-09-11,1.62
2024-09-12,1.6
2024-09-13,1.53
2024-09-16,1.51
2024-09-17,1.52
2024-09-18,1.5
